"Axis1","Axis2","Axis3","Axis4","SNP"
0.00489295357144554,-0.00907845595023603,-0.00386438586514669,-0.0112475393342167,"47.T/C.T/C"
-0.0684691170278075,-0.0745273862230769,0.221520189227182,0.15016025388536,"199.T/C.T/C"
-0.0885384931616386,0.0235001368301519,-0.17501833247782,0.0436339165971455,"207.C/T.C/T"
0.0184170373909062,0.0215100411994735,0.000660358657905536,-0.000509318671713614,"215.T/C.T/C"
-0.00744699538685177,-0.000301377202981354,0.0107991352370956,-0.00423078314341075,"234.A/G.A/G"
0.00356156195703895,-0.00497542740159258,0.00359550605367488,0.0154215695871048,"237.C/T.C/T"
0.0754896357987143,-0.136048325083946,-0.0574060233012435,-0.165005033449115,"266.T/C.T/C"
0.049934999955755,-0.069830717216347,0.050642216740539,0.216803042662473,"272.T/C.T/C"
-0.00705055823974283,0.00251545426197223,-0.0138229153628097,0.0032777220155704,"403.A/G.A/G"
-0.00744699538685177,-0.000301377202981358,0.0107991352370956,-0.00423078314341076,"407.C/T.C/T"
-0.0148583092110708,-0.000596329740623705,0.0215076285081067,-0.00841049594888922,"517.C/T.C/T"
-0.00660549509647281,0.00829779419953055,0.0272029147250784,0.0044745653942805,"523.T/C.T/C"
-0.0148583092110708,-0.000596329740623705,0.0215076285081067,-0.00841049594888922,"526.C/T.C/T"
-0.0885384931616386,0.0235001368301519,-0.17501833247782,0.0436339165971455,"640.A/G.A/G"
0.00356156195703895,-0.00497542740159258,0.00359550605367487,0.0154215695871048,"774.T/C.T/C"
-0.206942610145201,0.0188034678234221,-0.00414035999117678,-0.0230088721799677,"800.C/T.C/T"
0.0235953949000918,-0.0427347468717305,-0.0180017582252175,-0.0517419510373316,"1095.G/A.G/A"
0.00714098329639439,-0.00999243369714657,0.00722576218391982,0.0310169820443131,"1434.T/C.T/C"
-0.118404116983563,-0.00469666900672982,0.170877972486643,-0.0666427887771131,"1533.C/T.C/T"
-0.00737249654981343,-0.000296361035290912,0.0105913947846269,-0.00413593297605597,"1728.A/G.A/G"
0.00369079201777396,0.00431637722646188,0.000132581844511605,-0.000102322558380087,"1766.G/A.G/A"
0.0184170373909062,0.0215100411994735,0.000660358657905536,-0.000509318671713614,"2095.T/C.T/C"
0.0184170373909062,0.0215100411994735,0.000660358657905536,-0.000509318671713614,"2308.C/T.C/T"
0.0754896357987143,-0.136048325083946,-0.0574060233012435,-0.165005033449115,"2447.T/C.T/C"
-0.0885384931616386,0.0235001368301519,-0.17501833247782,0.0436339165971455,"2528.T/C.T/C"
-0.118404116983563,-0.00469666900672982,0.170877972486643,-0.0666427887771131,"2702.T/A.T/A"
-0.0631009369998255,-0.165565533277397,-0.0102438078939757,0.0282798183616762,"2812.A/T.A/T"
0.049934999955755,-0.069830717216347,0.050642216740539,0.216803042662473,"2857.A/G.A/G"
0.00356156195703895,-0.00497542740159258,0.00359550605367488,0.0154215695871048,"2903.G/A.G/A"
0.0754896357987143,-0.136048325083946,-0.0574060233012435,-0.165005033449115,"2935.G/A.G/A"
0.049934999955755,-0.069830717216347,0.050642216740539,0.216803042662473,"3192.C/T.C/T"
-0.00719109000015231,0.00181314057173615,-0.0138056195695698,0.00341864269692067,"3391.T/C.T/C"
0.0184170373909062,0.0215100411994735,0.000660358657905536,-0.000509318671713614,"3404.T/C.T/C"
0.0754896357987143,-0.136048325083946,-0.0574060233012435,-0.165005033449115,"3461.G/A.G/A"
-0.0815179743907317,-0.187075574476871,-0.0109041665518813,0.0287891370333898,"3611.G/A.G/A"
-0.0222286761370833,-0.000896544214539115,0.0320827687334072,-0.0125484612606813,"3693.A/G.A/G"
0.0184170373909062,0.0215100411994735,0.000660358657905536,-0.000509318671713614,"3704.G/A.G/A"
0.049934999955755,-0.069830717216347,0.050642216740539,0.216803042662473,"3712.C/T.C/T"
-0.00737249654981343,-0.000296361035290911,0.0105913947846269,-0.00413593297605598,"3962.G/A.G/A"
0.049934999955755,-0.069830717216347,0.050642216740539,0.216803042662473,"4190.T/C.T/C"
-0.118404116983563,-0.00469666900672982,0.170877972486643,-0.0666427887771131,"4214.T/C.T/C"
-0.0631009369998255,-0.165565533277397,-0.0102438078939757,0.0282798183616762,"4668.A/G.A/G"
-0.00737249654981343,-0.000296361035290911,0.0105913947846269,-0.00413593297605598,"4707.T/C.T/C"
-0.00744699538685177,-0.000301377202981358,0.0107991352370956,-0.00423078314341076,"4955.T/C.T/C"
0.049934999955755,-0.069830717216347,0.050642216740539,0.216803042662473,"4972.C/T.C/T"
-0.118404116983563,-0.00469666900672982,0.170877972486643,-0.0666427887771131,"5162.T/C.T/C"
0.0184170373909062,0.0215100411994735,0.000660358657905536,-0.000509318671713614,"5186.A/G.A/G"
0.0235953949000918,-0.0427347468717305,-0.0180017582252175,-0.0517419510373316,"5302.A/G.A/G"
-0.0815179743907317,-0.187075574476871,-0.0109041665518813,0.0287891370333898,"5493.A/C.A/C"
-0.0885384931616386,0.0235001368301519,-0.17501833247782,0.0436339165971455,"5512.G/A.G/A"
-0.00719109000015231,0.00181314057173615,-0.0138056195695698,0.00341864269692064,"5661.A/G.A/G"
0.0754896357987143,-0.136048325083946,-0.0574060233012435,-0.165005033449115,"5799.G/A.G/A"
-0.0885384931616386,0.0235001368301519,-0.17501833247782,0.0436339165971455,"5935.A/G.A/G"
-0.0522481221974069,-0.138111295996901,-0.00846308889499159,0.0237816664243277,"6123.G/A.G/A"
-0.00737249654981343,-0.000296361035290912,0.0105913947846269,-0.00413593297605598,"6215.G/A.G/A"
0.00356156195703895,-0.00497542740159258,0.00359550605367488,0.0154215695871048,"6223.T/C.T/C"
0.0147447530091496,0.0172297365387378,0.000529058258435219,-0.000408149638664399,"6800.A/G.A/G"
0.0754896357987143,-0.136048325083946,-0.0574060233012435,-0.165005033449115,"6878.A/G.A/G"
-0.0631009369998255,-0.165565533277397,-0.0102438078939757,0.0282798183616762,"6936.A/G.A/G"
-0.0815179743907317,-0.187075574476871,-0.0109041665518813,0.0287891370333898,"7089.A/G.A/G"
0.0184170373909062,0.0215100411994735,0.000660358657905536,-0.000509318671713614,"7106.T/C.T/C"
-0.206942610145201,0.0188034678234221,-0.00414035999117678,-0.0230088721799677,"7218.G/A.G/A"
-0.00719109000015231,0.00181314057173615,-0.0138056195695698,0.00341864269692064,"7305.G/A.G/A"
-0.0631009369998255,-0.165565533277397,-0.0102438078939757,0.0282798183616762,"7335.C/T.C/T"
0.0108528148024186,0.027454237280496,0.00178071899898415,-0.00449815193734844,"7432.A/G.A/G"
0.0035704916481972,-0.00499621684857328,0.00361288109195991,0.0155084910221566,"7624.G/A.G/A"
0.0707854795133991,-0.127535971352022,-0.053817714015221,-0.154682308416797,"7652.A/G.A/G"
0.0184170373909062,0.0215100411994735,0.000660358657905536,-0.000509318671713614,"7664.T/C.T/C"
-0.118404116983563,-0.00469666900672982,0.170877972486643,-0.0666427887771131,"7704.G/A.G/A"
-0.00744699538685177,-0.000301377202981354,0.0107991352370956,-0.00423078314341075,"7795.A/G.A/G"
0.00461285852133788,-0.00822687176237471,-0.00344451860910357,-0.00982638762615731,"7803.C/T.C/T"
-0.0522481221974069,-0.138111295996901,-0.00846308889499159,0.0237816664243277,"7833.G/A.G/A"
-0.0885384931616386,0.0235001368301519,-0.17501833247782,0.0436339165971455,"8012.G/A.G/A"
-0.206942610145201,0.0188034678234221,-0.00414035999117678,-0.0230088721799677,"8065.C/T.C/T"
-0.0631009369998255,-0.165565533277397,-0.0102438078939757,0.0282798183616762,"8077.G/A.G/A"
0.013908143251637,-0.0248877328798375,-0.0104339132079364,-0.0298133565444906,"8217.T/C.T/C"
0.049934999955755,-0.069830717216347,0.050642216740539,0.216803042662473,"8308.T/C.T/C"
-0.0456654113701335,0.0119801199799336,-0.0926876680587671,0.0234153556380342,"8319.C/T.C/T"
0.0145601591443032,-0.0266511742538361,-0.0113491116664166,-0.0329391483505914,"8608.T/C.T/C"
-0.118404116983563,-0.00469666900672982,0.170877972486643,-0.0666427887771131,"8628.T/C.T/C"
-0.206942610145201,0.0188034678234221,-0.00414035999117678,-0.0230088721799677,"8770.G/A.G/A"
-0.206942610145201,0.0188034678234221,-0.00414035999117678,-0.0230088721799677,"8774.T/C.T/C"
0.0184170373909062,0.0215100411994735,0.000660358657905536,-0.000509318671713614,"8932.G/A.G/A"
-0.00737249654981344,-0.000296361035290909,0.0105913947846269,-0.00413593297605598,"8980.A/G.A/G"
-0.206942610145201,0.0188034678234221,-0.00414035999117678,-0.0230088721799677,"9105.C/T.C/T"
-0.0885384931616386,0.0235001368301519,-0.17501833247782,0.0436339165971455,"9366.C/T.C/T"
-0.00737249654981343,-0.00029636103529091,0.0105913947846269,-0.00413593297605598,"9385.T/C.T/C"
0.00714098329639439,-0.00999243369714656,0.00722576218391982,0.0310169820443131,"9464.A/G.A/G"
-0.0885384931616386,0.0235001368301519,-0.17501833247782,0.0436339165971455,"9567.A/G.A/G"
-0.0142492535513052,0.00356514087303763,-0.0270908903475336,0.00668491085277889,"9678.A/G.A/G"
-0.0456654113701335,0.0119801199799336,-0.0926876680587671,0.0234153556380342,"9697.C/T.C/T"
0.049934999955755,-0.069830717216347,0.050642216740539,0.216803042662473,"9711.C/T.C/T"
0.00356156195703895,-0.00497542740159257,0.00359550605367487,0.0154215695871048,"9853.G/A.G/A"
-0.0560503787600826,-0.168080987539369,0.003579107468834,0.0250020963461058,"9873.A/G.A/G"
-0.0631009369998255,-0.165565533277397,-0.0102438078939757,0.0282798183616762,"9920.A/G.A/G"
0.049934999955755,-0.069830717216347,0.050642216740539,0.216803042662473,"10028.T/C.T/C"
-0.00719109000015231,0.00181314057173615,-0.0138056195695698,0.00341864269692064,"10069.G/A.G/A"
-0.118404116983563,-0.00469666900672982,0.170877972486643,-0.0666427887771131,"10185.C/T.C/T"
-0.0885384931616386,0.0235001368301519,-0.17501833247782,0.0436339165971455,"10231.A/G.A/G"
-0.0456654113701335,0.0119801199799336,-0.0926876680587671,0.0234153556380342,"10254.A/G.A/G"
-0.0885384931616386,0.0235001368301519,-0.17501833247782,0.0436339165971455,"10265.G/A.G/A"
0.0194868847604903,-0.0356011018155739,-0.015191209356041,-0.0441244451386136,"10288.A/G.A/G"
0.00717697208160331,-0.0100766426752835,0.00729627973434531,0.0313706138532121,"10473.A/G.A/G"
-0.0631009369998255,-0.165565533277397,-0.0102438078939757,0.0282798183616762,"10590.G/A.G/A"
0.00356156195703895,-0.00497542740159257,0.00359550605367487,0.0154215695871048,"10605.T/C.T/C"
-0.206942610145201,0.0188034678234221,-0.00414035999117678,-0.0230088721799677,"10614.T/C.T/C"
-0.0631009369998255,-0.165565533277397,-0.0102438078939757,0.0282798183616762,"11035.G/A.G/A"
-0.0885384931616386,0.0235001368301519,-0.17501833247782,0.0436339165971455,"11312.T/C.T/C"
0.0754896357987143,-0.136048325083946,-0.0574060233012435,-0.165005033449115,"11319.C/T.C/T"
-0.0465866270976982,-0.123399060332731,-0.00756763151586689,0.021286346311989,"11521.C/T.C/T"
0.0035704916481972,-0.00499621684857328,0.00361288109195991,0.0155084910221566,"11547.C/T.C/T"
0.00369079201777396,0.00431637722646188,0.000132581844511605,-0.000102322558380086,"11686.A/G.A/G"
-0.118404116983563,-0.00469666900672982,0.170877972486643,-0.0666427887771131,"11701.A/G.A/G"
-0.0815155460405623,0.0217626563899901,-0.161860232940734,0.0404040577015296,"11854.T/C.T/C"
-0.00744699538685177,-0.000301377202981358,0.0107991352370956,-0.00423078314341076,"11888.G/A.G/A"
-0.0631009369998255,-0.165565533277397,-0.0102438078939757,0.0282798183616762,"11991.C/T.C/T"
-0.00744699538685177,-0.000301377202981358,0.0107991352370956,-0.00423078314341076,"12184.A/G.A/G"
-0.206942610145201,0.0188034678234221,-0.00414035999117678,-0.0230088721799677,"12402.C/T.C/T"
-0.00719109000015231,0.00181314057173615,-0.0138056195695698,0.00341864269692064,"12404.T/C.T/C"
-0.206942610145201,0.0188034678234221,-0.00414035999117678,-0.0230088721799677,"12628.A/G.A/G"
0.0754896357987143,-0.136048325083946,-0.0574060233012435,-0.165005033449115,"12738.A/G.A/G"
-0.0631009369998255,-0.165565533277397,-0.0102438078939757,0.0282798183616762,"12758.C/T.C/T"
0.049934999955755,-0.069830717216347,0.050642216740539,0.216803042662473,"12789.A/G.A/G"
-0.206942610145201,0.0188034678234221,-0.00414035999117678,-0.0230088721799677,"12849.A/G.A/G"
-0.00719109000015231,0.00181314057173615,-0.0138056195695698,0.00341864269692067,"12926.T/C.T/C"
-0.0815179743907317,-0.187075574476871,-0.0109041665518813,0.0287891370333898,"13029.T/A.T/A"
-0.118404116983563,-0.00469666900672982,0.170877972486643,-0.0666427887771131,"13272.A/G.A/G"
0.0184170373909062,0.0215100411994735,0.000660358657905536,-0.000509318671713614,"13312.T/C.T/C"
0.00542493481140498,0.0137728467490843,0.00095775042420182,-0.00224285672565559,"13379.A/G.A/G"
0.00367228438175666,0.00428030466073571,0.00013130039947032,-0.000101169033049215,"13538.A/G.A/G"
-0.0292534785768001,-0.0777283320108904,-0.00477259936999939,0.0134444659683319,"13545.A/G.A/G"
0.0754896357987143,-0.136048325083946,-0.0574060233012435,-0.165005033449115,"13579.A/G.A/G"
0.0754896357987143,-0.136048325083946,-0.0574060233012435,-0.165005033449115,"13614.T/C.T/C"
-0.0142492535513052,0.00356514087303763,-0.0270908903475336,0.00668491085277889,"13677.G/A.G/A"
0.00367228438175666,0.00428030466073571,0.00013130039947032,-0.000101169033049215,"13716.C/T.C/T"
-0.0885384931616386,0.0235001368301519,-0.17501833247782,0.0436339165971455,"13718.C/A.C/A"
-0.0631009369998255,-0.165565533277397,-0.0102438078939757,0.0282798183616762,"13723.G/A.G/A"
-0.00705055823974283,0.00251545426197223,-0.0138229153628097,0.0032777220155704,"13736.C/G.C/G"
0.0329904652937014,-0.00471256010828929,-0.0105567143640053,-0.0330191525456239,"13817.C/T.C/T"
-0.118404116983563,-0.00469666900672982,0.170877972486643,-0.0666427887771131,"13836.T/C.T/C"
-0.0885384931616386,0.0235001368301519,-0.17501833247782,0.0436339165971455,"13841.C/T.C/T"
0.00367228438175666,0.00428030466073571,0.00013130039947032,-0.000101169033049215,"13872.A/G.A/G"
0.00717697208160331,-0.0100766426752835,0.00729627973434531,0.0313706138532121,"13875.C/T.C/T"
-0.118404116983563,-0.00469666900672982,0.170877972486643,-0.0666427887771131,"13883.T/C.T/C"
-0.206942610145201,0.0188034678234221,-0.00414035999117678,-0.0230088721799677,"13900.T/C.T/C"
0.0194868847604903,-0.0356011018155739,-0.015191209356041,-0.0441244451386136,"13918.A/G.A/G"
-0.0885384931616386,0.0235001368301519,-0.17501833247782,0.0436339165971455,"13923.A/G.A/G"
-0.0223409861605553,-0.00090413160894407,0.0323974057112867,-0.0126923494302323,"13952.A/G.A/G"
0.0184170373909062,0.0215100411994735,0.000660358657905536,-0.000509318671713614,"13996.C/T.C/T"
-0.118404116983563,-0.00469666900672982,0.170877972486643,-0.0666427887771131,"14000.C/T.C/T"
-0.0885384931616386,0.0235001368301519,-0.17501833247782,0.0436339165971455,"14031.C/T.C/T"
0.0194868847604903,-0.0356011018155739,-0.015191209356041,-0.0441244451386136,"14058.C/T.C/T"
0.049934999955755,-0.069830717216347,0.050642216740539,0.216803042662473,"14091.C/T.C/T"
-0.0815179743907317,-0.187075574476871,-0.0109041665518813,0.0287891370333898,"14103.C/T.C/T"
-0.0456654113701335,0.0119801199799336,-0.0926876680587671,0.0234153556380342,"14112.A/G.A/G"
0.0194868847604903,-0.0356011018155739,-0.015191209356041,-0.0441244451386136,"14140.G/A.G/A"
-0.0631009369998255,-0.165565533277397,-0.0102438078939757,0.0282798183616762,"14155.T/C.T/C"
-0.0631009369998255,-0.165565533277397,-0.0102438078939757,0.0282798183616762,"14172.T/C.T/C"
-0.0631009369998255,-0.165565533277397,-0.0102438078939757,0.0282798183616762,"14190.C/T.C/T"
0.125424635754469,-0.205879042300293,-0.0067638065607045,0.0517980092133575,"14195.T/C.T/C"
0.0754896357987143,-0.136048325083946,-0.0574060233012435,-0.165005033449115,"14222.G/A.G/A"
0.0194868847604903,-0.0356011018155739,-0.015191209356041,-0.0441244451386136,"14253.T/C.T/C"
