ID,Group
OL634156,A
OL634432,A
OL634434,A
OL634455,A
OL634457,A
OL634501,A
OL634504,A
OL634436,A
OL634679,A
KC504291,A
OL633132,A
MF058436,B4a1a1b
MF057120,B4a1a1b
MF057156,B4a1a1b
MF056252,B4a1a1b
MF056677,B4a1a1b
MF056671,B4a1a1b
MF056473,B4a1a1b
MF057845,B4a1a1b
MF056708,B4a1a1b
MF057224,B4a1a1b
MF057743,B4a1a1b
MF057744,B4a1a1b
MF056205,B4a1a1b
MF056471,B4a1a1b
MF056791,B4a1a1b
MF056798,B4a1a1b
KF148332,C4a2a1a
MG660659,C4a2a1a
KF148469,C4a2a1b
AF346979,C4a2a1b
KF148168,C4a2a1b
KF148175,C4a2a1b
KF148167,C4a2a1b
KF148182,C4a2a1b
KF148185,C4a2a1b
KF148186,C4a2a1b
KF148191,C4a2a1b
OL632545,D4b2b
OL633150,D4b2b
OL633255,D4b2b
OL633305,D4b2b
OL634065,D4b2b
OL634119,D4b2b
OL634227,D4b2b
OL634233,D4b2b
OL634236,D4b2b
EF185816,E2b
KF540780,E2b
KF540854,E2b
KF540968,E2b
KF540819,E2b
KF540827,E2b
KF540844,E2b
KF540559,E2b
KF540568,E2b
KF540581,E2b
KF540582,E2b
KF540944,E2b
GU733775,E2b
GU733769,E2b
GU733774,E2b
GU733784,E2b
GQ301681,E2b
PV621556,L3b1a
PV621557,L3b1a
PV621559,L3b1a
PV621560,L3b1a
PV621561,L3b1a
PV621562,L3b1a
PV621610,L3b1a
PV621778,L3b1a
MF056054,M7c1c3
MF056193,M7c1c3
MF056198,M7c1c3
MF057871,M7c1c3
KU131350,M7c1c3
KU131351,M7c1c3
MF056788,M7c1c3
JX987452,M7c1c3
MF055964,M7c1c3
MF057697,M7c1c3
MF055984,M7c1c3
MF056592,M7c1c3
MF057016,M7c1c3
MF057017,M7c1c3
KY408899,U5b3a1a
KY409588,U5b3a1a
GQ129152,U5b3a1a
KY409359,U5b3a1a
KY409424,U5b3a1a
DQ523624,U5b3a1a
KY408309,U5b3a1a
KY408383,U5b3a1a
KY408533,U5b3a1a
KY408586,U5b3a1a
KY408603,U5b3a1a
KY408732,U5b3a1a
FJ383621,Z7
FJ383629,Z7
FJ383625,Z7
FJ383626,Z7
KT726042,Z7
